Smart City Component;Branding Component;Measurement Track;API / Source;Link;What It Captures;Metric Type;Data Access Path;Geographic Level;Update Cadence;True Real-Time?;Access Tier
Smart Communication;City Identity;Public Perception;GDELT 2.0 / DOC API;https://blog.gdeltproject.org/gdelt-doc-2-0-api-debuts/;Global news mentions, tone & event scoring;Volume + Tone;Open API;City-level (query-based);~15 minutes;Yes;Free
;;Public Perception;APITube Brand Monitoring;https://apitube.io/solutions/brand-monitoring;Real-time news API filtered to brand/place mentions;Mention Volume;Open API;City-level;Real-time;Yes;Freemium
;;Public Perception;Reddit Data API (official);https://www.reddit.com/dev/api/;Public post/comment mentions, community sentiment proxy;Volume + Sentiment proxy;Open API (OAuth signup);City-level (subreddit/keyword);Near real-time (rate-limited);Partially;Free
;;Public Perception;X (Twitter) API - Free Tier;https://developer.x.com/en/docs/x-api;Very limited real-time post search - flagged as too thin for serious monitoring;Volume (limited);Open API;City-level;Real-time (low volume cap);Partially;Free (kisitli)
;;Public Perception [PAID - reference only];Brandwatch Listen;https://www.brandwatch.com/products/listen/;Social + news share-of-voice and sentiment, enterprise-grade;Sentiment + SOV;Open API (subscription);City-level;Streaming;Yes;Paid
;;Public Perception [PAID - reference only];Data365 Social API;https://data365.co/blog/top-social-listening-api;Public X / Instagram / TikTok / Reddit post & engagement pulls, higher volume;Engagement, topics;Open API (subscription);City-level;Near real-time;Yes;Paid
;;Citizen <-> Machine Interaction;Open311 API;https://www.open311.org/;City service-request volume, response time, resolution rate;Volume + Response Time;Open API (standard);City-level;Real-time;Yes;Free
;;Citizen <-> Machine Interaction;Botpress (self-hosted);https://botpress.com/;Virtual-assistant session & interaction logs, if the city runs one;Session Volume + Resolution;Self-Hosted / Partnership Required;City-level;Real-time (if deployed);Yes;Free (tool)
;;Citizen <-> Machine Interaction;WhatsApp Business Cloud API (Meta);https://developers.facebook.com/docs/whatsapp/cloud-api;City service messaging volume, if the city runs an account;Message Volume;Partnership Required;City-level;Real-time;Yes;Freemium (conditional)
;;Citizen <-> Machine Interaction [PAID - reference only];Citibot;https://www.citibot.io/;AI resident-engagement chatbot built for government, with its own analytics;Session Volume + Resolution;Partnership Required;City-level;Real-time (if deployed);Yes;Paid
;;Citizen <-> Machine Interaction [PAID - reference only];Granicus GXA;https://granicus.com/gxa/;Government Experience Agent - conversational AI for citizen services;Session Volume + Resolution;Partnership Required;City-level;Real-time (if deployed);Yes;Paid
;;Network-Level Signal;OpenCelliD;https://wiki.opencellid.org/wiki/API;Crowdsourced cell-tower / network infrastructure density;Infrastructure Density;Open API;City-level (geo query);Periodic (crowdsourced);No;Free
;;Network-Level Signal [PAID - reference only];Vodafone Analytics - Real-time Footfall API;https://developer.vodafone.com/api-catalogue/vodafone-analytics-realtime-footfall/overview;Live footfall/mobility derived from telecom network data, in Vodafone's coverage markets;Footfall / Mobility;Partnership Required;City-level;Real-time;Yes;Paid
;;Network-Level Signal [PAID - reference only];Telefonica Smart Steps;https://telefonicatech.com/en/blog/smart-steps;Mobility insight derived from telecom network data;Footfall / Mobility;Partnership Required;City-level;Near real-time;Yes;Paid
;;Benchmark & Validation;UN E-Government Survey / E-Participation Index;https://publicadministration.un.org/egovkb/en-us/Data-Center;Official digital-communication & e-participation ranking - validates the live score against a recognized index;Index Score / Ranking;Open Dataset (download, no live API);National-level (proxy);Biennial;No;Free
;;Benchmark & Validation;EU Digital Decade / DESI Indicators;https://digital-decade-desi.digital-strategy.ec.europa.eu/datasets/desi/indicators;EU digital public-services & connectivity sub-indices;Index Score;Open Dataset (download, no live API);National / EU-level (proxy);Annual;No;Free
;;Benchmark & Validation;IESE Cities in Motion Index;https://www.iese.edu/stories/smart-sustainable-cities-in-motion-index/;City-level smart/connectivity ranking across dimensions - best-fit city-granular benchmark;Ranking / Index Score;Open Dataset (published report);City-level;Annual;No;Free
;;Benchmark & Validation;ITU ICT Development Index (IDI);https://www.itu.int/en/ITU-D/Statistics/Pages/IDI/default.aspx;National ICT / communication infrastructure development score;Index Score;Open Dataset (published report);National-level (proxy);Annual;No;Free
E-Governance;City Image;Open Data & Transparency;api.data.gov;https://api.data.gov/;Single-key gateway to dozens of US federal open-data APIs;Dataset catalog access;Open API;National-level (US, proxy);Dataset-dependent;Partially;Free
;;Open Data & Transparency;CKAN Open Data Action API;https://developer.opengov.com/catalog/opendata-public-api;Standard REST layer behind most EU/city open-data portals;Dataset catalog access;Open API (standard);City-level;Daily (portal-set);Partially;Free
;;Open Data & Transparency;data.europa.eu API;https://dataeuropa.gitlab.io/data-provider-manual/api-documentation/;EU-wide open-data portal harvesting national and city catalogs across 36+ countries;Dataset catalog access;Open API;National / EU-level (proxy, city catalogs included);Dataset-dependent;Partially;Free
;;Digital Participation & Civic Tech;Decidim (self-hosted);https://docs.decidim.org/en/develop/understand/about.html;Participatory-budgeting and consultation activity, if the city runs an instance - used by Barcelona, Helsinki and 400+ institutions;Session/proposal volume;Self-Hosted / Partnership Required;City-level;Real-time, if deployed;Yes;Free (tool)
;;Digital Participation & Civic Tech;Consul (self-hosted);https://github.com/consul/consul;Participatory-democracy platform activity, if the city runs an instance - used by Madrid and others;Session/proposal volume;Self-Hosted / Partnership Required;City-level;Real-time, if deployed;Yes;Free (tool)
;;Digital Participation & Civic Tech [PAID - reference only];OpenGov Public Service Platform;https://developer.opengov.com/catalog/public-service-platform-open-data;Permits, service requests, budget transparency for subscribing municipalities;Service throughput;Partnership Required;City-level;Near real-time;Yes;Paid
;;Institutional Quality;World Bank Worldwide Governance Indicators;https://databank.worldbank.org/source/worldwide-governance-indicators;6 governance dimensions (rule of law, accountability, control of corruption, etc.);Index score;Open Dataset (download, no live API);National-level (proxy);Annual;No;Free
;;Institutional Quality;Transparency International Corruption Perceptions Index (CPI);https://www.transparency.org/en/cpi/2025;Perceived public-sector corruption, 180 countries;Index score / ranking;Open Dataset (download, no live API);National-level (proxy);Annual;No;Free
;;Institutional Quality;World Justice Project Rule of Law Index;https://worldjusticeproject.org/rule-of-law-index/;Rule-of-law and institutional-trust ranking, 140+ countries;Index score / ranking;Open Dataset (download, no live API);National-level (proxy);Annual;No;Free
;;Benchmark & Validation;UN E-Government Development Index (EGDI) - Online Service Component;https://publicadministration.un.org/egovkb/en-us/Data-Center;Digital public-service maturity - the sibling component to the E-Participation Index used in Smart Communication's benchmark track;Index score / ranking;Open Dataset (download, no live API);National-level (proxy);Biennial;No;Free
;;Benchmark & Validation;OECD Digital Government Index (DGI);https://www.oecd.org/en/publications/digital-government-index-and-open-useful-and-re-usable-data-index_6347ec74-en.html;Digital-government maturity ranking across OECD members;Index score / ranking;Open Dataset (published report);National-level (proxy, OECD only);Periodic (~2-3 year cycle);No;Free
;;Benchmark & Validation;World Bank GovTech Maturity Index (GTMI);https://www.worldbank.org/en/programs/govtech/gtmi-2025-update;GovTech / public-sector digital-transformation maturity, broad country coverage;Index score / ranking;Open Dataset (download, no live API);National-level (proxy);Periodic (2022, 2025 updates);No;Free
Stakeholders / Shareholders;City Positioning;Corporate Presence & Registration;OpenCorporates API;https://api.opencorporates.com/documentation/API-Reference;Global company registration records, searchable by registered city address;Registration volume;Open API (free signup, daily call limit);City-level (registered address);Dataset-dependent;Partially;Freemium
;;Corporate Presence & Registration;Eurostat Business Demography API;https://ec.europa.eu/eurostat/web/user-guides/data-browser/api-data-access/api-getting-started/api;Enterprise births/deaths by NUTS region;Registration volume;Open API;Regional-level (NUTS, proxy);Quarterly;No;Free
;;Investment & Capital Flows;World Bank / Data360 FDI;https://data360.worldbank.org/en/dataset/FAO_FDI;Cross-country FDI inflow/outflow benchmarking;FDI benchmark;Open Dataset (download, no live API);National-level (proxy);Annual;No;Free
;;Investment & Capital Flows;Finnhub Economic Data API;https://finnhub.io/docs/api/economic-data;Macro indicators, company fundamentals, alternative data;Economic signals;Open API;National-level (proxy);Intraday;Yes;Freemium
;;Investment & Capital Flows;SEC EDGAR Full-Text Search API;https://www.sec.gov/edgar/sec-api-documentation;US public-company filings, searchable by HQ/registered city address;Filing volume/mentions;Open API;City-level (HQ address, US-listed only);Near real-time (filing-driven);Partially;Free
;;Investment & Capital Flows [PAID - reference only];fDi Markets (FT Locations);https://www.ftlocations.com/products-and-services/fdi-markets;Greenfield FDI project tracking by city and sector;Investment signals;Open API (subscription);City-level;Continuously updated;Yes;Paid
;;Labor Market & Talent Demand;Adzuna API;https://developer.adzuna.com/;Job-posting volume, salary benchmarks by city, 12+ countries;Job posting volume + salary;Open API (free tier);City-level;Daily (listing-driven);Partially;Free
;;Benchmark & Validation;Global Financial Centres Index (GFCI);https://www.longfinance.net/programmes/financial-centre-futures/global-financial-centres-index/;City-level financial-centre competitiveness ranking, published twice a year;Ranking / index score;Open Dataset (published report);City-level;Semi-annual;No;Free
;;Benchmark & Validation;StartupBlink Global Startup Ecosystem Index;https://lp.startupblink.com/report/;City-level startup-ecosystem ranking across 100+ countries;Ranking / index score;Open Dataset (published report);City-level;Annual;No;Free
;;Benchmark & Validation;World Bank Business Ready (B-READY) Index;https://www.worldbank.org/en/businessready;Business-environment and investment-climate ranking, successor to Doing Business;Index score / ranking;Open Dataset (download, no live API);National-level (proxy);Annual;No;Free
Smart Tourism;City Image ;Air & Ground Arrivals;Aviationstack (APILayer);https://aviationstack.com/;Live arrivals/departures by airport - the source already in use;Flight arrivals;Open API;City-level (airport);Real-time;Yes;Freemium
;;Air & Ground Arrivals;OpenSky Network API;https://openskynetwork.github.io/opensky-api/rest.html;Open, crowdsourced real-time flight tracking - a genuinely free alternative/complement to Aviationstack;Flight tracking / volume;Open API;City-level (airport/airspace);Real-time;Yes;Free
;;Air & Ground Arrivals [PAID - reference only];FlightAware AeroAPI;https://www.flightaware.com/commercial/aeroapi/;Flight status, predictive ETAs, richer route history;Flight status;Open API (subscription);City-level (airport);Real-time;Yes;Paid
;;Accommodation & Demand;Hotel APIs (HotelAPI.co and similar unified providers);https://hotelapi.co/;Live availability & pricing across Booking.com / Google Hotels;Demand proxy;Open API;City-level;Real-time;Yes;Freemium
;;Accommodation & Demand [PAID - reference only];STR-type occupancy marketplaces (Datarade);https://datarade.ai/top-lists/best-hotel-apis;Occupancy rate and average daily rate (ADR) benchmarking;Occupancy, ADR;Open API (subscription);City-level;Daily;Partially;Paid
;;Visitor Digital Interest;Wikimedia Pageviews API;https://doc.wikimedia.org/generated-data-platform/aqs/analytics-api/reference/page-views.html;Daily/hourly pageviews on a city's Wikipedia article - a free, official proxy for global research interest;Pageview volume;Open API;City-level (per article);Daily (near real-time available);Yes;Free
;;Visitor Digital Interest;Google Places API;https://developers.google.com/maps/documentation/places/web-service/overview;Ratings, review volume and popularity signals for a city's attractions;Rating / review volume;Open API (monthly free credit);City-level (per place);Near real-time;Partially;Freemium
;;Benchmark & Validation;UN Tourism (UNWTO) Tourism Data Dashboard;https://www.untourism.int/tourism-data/un-tourism-tourism-dashboard;Official international tourist arrivals and receipts;Arrivals / receipts;Open Dataset (download, no live API);National-level (proxy);Annual / quarterly;No;Free
;;Benchmark & Validation;Global Destination Sustainability Index (GDS-Index);https://www.gds.earth/index/;City-level destination-sustainability ranking, published annually;Ranking / index score;Open Dataset (published report);City-level;Annual;No;Free
;;Benchmark & Validation;WTTC Cities Economic Impact Report;https://wttc.org/research/economic-impact/cities;Travel & tourism sector economic impact for covered cities;Economic impact score;Open Dataset (published report);City-level (covered cities);Annual;No;Free
;;Benchmark & Validation [PAID - reference only];Euromonitor Top 100 City Destinations Index;https://www.euromonitor.com/top-100-city-destinations-index/report;Subscription market-research ranking of top city destinations;Ranking / index score;Open Dataset (subscription report);City-level;Annual;No;Paid
Digital Infrastructure;City Identity;Network Performance & Coverage;Ookla Speedtest Open Data / Global Index;https://registry.opendata.aws/speedtest-global-performance/;Fixed & mobile network performance by map tile;Broadband speed;Open Dataset (download, no live API);City-level (map tile);Quarterly (open dataset);No;Free
;;Network Performance & Coverage;M-Lab NDT;https://www.measurementlab.net/data/tools/;Open internet speed/latency measurements, continuously collected worldwide;Broadband speed + latency;Open Dataset / API (BigQuery);City-level (measurement point);Continuous (open dataset);Partially;Free
;;Mobility & Traffic Infrastructure;TomTom Traffic API;https://developer.tomtom.com/intermediate-traffic-service/documentation/tomtom-orbis-maps/product-information/introduction;Live congestion, travel-time reliability, area analytics;Traffic flow;Open API;City-level;Real-time;Yes;Freemium
;;Mobility & Traffic Infrastructure;TomTom Traffic Index;https://www.tomtom.com/traffic-index/;Annual congestion ranking across cities;Congestion rank;Open Dataset (published report);City-level;Annual;No;Free
;;Digital Infrastructure Presence & Investment;PeeringDB API;https://www.peeringdb.com/apidocs/;Internet exchange points and data-centre facilities, searchable by city;Facility / IXP presence;Open API;City-level (facility address);Dataset-dependent;Partially;Free
;;Digital Infrastructure Presence & Investment [PAID - reference only];GSMA Intelligence 5G Connectivity Index / Coverage Maps;https://www.gsmaintelligence.com/subscriptions-services/data/5g-connectivity-index;5G rollout and network-coverage intelligence, subscription product;Coverage / rollout score;Open API (subscription);National-level (proxy);Periodic;No;Paid
;;Benchmark & Validation;IMD Smart City Index;https://www.imd.org/smart-city-observatory/home/rankings/;City-level smart/digital infrastructure ranking - the same index the pitch deck names as a competitor benchmark;Ranking / index score;Open Dataset (published report);City-level;Annual;No;Free
;;Benchmark & Validation;Network Readiness Index (NRI);https://networkreadinessindex.org/;Technology, people, governance and impact pillars of digital readiness;Index score / ranking;Open Dataset (published report);National-level (proxy);Annual;No;Free
;;Benchmark & Validation;GSMA Mobile Connectivity Index;https://www.mobileconnectivityindex.com/;Mobile-connectivity readiness score - headline rankings published free, underlying data licensed separately;Index score / ranking;Open Dataset (published headline rankings);National-level (proxy);Annual;No;Free
Sustainability;City Positioning;Air Quality;OpenAQ API;https://docs.openaq.org/about/about;Global air quality from official + low-cost sensors - the AQI metric behind the Bremen demo;Air quality;Open API;City-level (station);Real-time (roughly hourly);Yes;Free
;;Air Quality;AQICN / World Air Quality Index;https://aqicn.org/api/;Station-level real-time AQI;Air quality;Open API (token);City-level (station);Real-time;Yes;Free
;;Air Quality;IQAir AirVisual API;https://www.iqair.com/air-quality-map;Real-time AQI plus short-range forecast;Air quality + forecast;Open API;City-level (station);Real-time;Yes;Freemium
;;Emissions & Climate Data;Google Environmental Insights Explorer (EIE);https://insights.sustainability.google/;Building & transportation emissions estimates and solar potential, city-level, used by 3,000+ cities;Emissions estimate;Open API / Dataset;City-level;Periodic (dataset refresh);No;Free
;;Emissions & Climate Data;Climate TRACE;https://climatetrace.org/data;Independent, satellite-based GHG emissions tracking by source/sector/facility;Emissions volume;Open Dataset / API;City-level (facility/asset geolocation);Periodic (regularly updated);No;Free
;;Civic Climate Disclosure;CDP Cities Open Data / Disclosure API;https://www.cdp.net/en/insights/cdp-launches-2025-disclosure-api;Cities' self-reported climate action plans, targets and emissions inventories;Disclosure volume / targets;Open API;City-level (self-reported);Annual (disclosure cycle);No;Free
;;Benchmark & Validation;Yale/Columbia Environmental Performance Index (EPI);https://epi.yale.edu/;Environmental performance ranking across climate, ecosystem and pollution categories;Index score / ranking;Open Dataset (download, no live API);National-level (proxy);Annual;No;Free
;;Benchmark & Validation;ND-GAIN Country Index;https://gain.nd.edu/our-work/country-index/;Climate vulnerability and readiness ranking;Index score / ranking;Open Dataset (download, no live API);National-level (proxy);Annual;No;Free
;;Benchmark & Validation;Global Destination Sustainability Index (GDS-Index);https://www.gds.earth/index/;Destination-sustainability ranking - same city-level index already used in Smart Tourism's benchmark track, cross-referenced here for its sustainability dimension;Ranking / index score;Open Dataset (published report);City-level;Annual;No;Free
